overallNumberOfRequestsIssuedAtCache, 6
overallNumberOfRequestsIssuedAtCache, 3
overallNumberOfRequestsIssuedAtCache, 26
overallNumberOfRequestsIssuedAtCache, 37
overallNumberOfRequestsIssuedAtCache, 17
overallNumberOfRequestsIssuedAtCache, 2463
overallNumberOfRequestsIssuedAtCache, 1083
overallNumberOfRequestsIssuedAtCache, 955
overallNumberOfRequestsIssuedAtCache, 127
overallNumberOfRequestsIssuedAtCache, 2407
overallNumberOfRequestsIssuedAtCache, 64
overallNumberOfRequestsIssuedAtCache, 1919
overallNumberOfRequestsIssuedAtCache, 462
overallNumberOfRequestsIssuedAtCache, 58
overallNumberOfRequestsIssuedAtCache, 33
overallNumberOfRequestsIssuedAtCache, 83
overallNumberOfRequestsIssuedAtCache, 320
overallNumberOfRequestsIssuedAtCache, 13
overallNumberOfRequestsIssuedAtCache, 17
overallNumberOfRequestsIssuedAtCache, 5050
overallNumberOfRequestsIssuedAtCache, 11
overallNumberOfRequestsIssuedAtCache, 2893
overallNumberOfRequestsIssuedAtCache, 61
overallNumberOfRequestsIssuedAtCache, 210
overallNumberOfRequestsIssuedAtCache, 8
overallNumberOfRequestsIssuedAtCache, 3
overallNumberOfRequestsIssuedAtCache, 26
overallNumberOfRequestsIssuedAtCache, 37
overallNumberOfRequestsIssuedAtCache, 18
overallNumberOfRequestsIssuedAtCache, 2492
overallNumberOfRequestsIssuedAtCache, 1105
overallNumberOfRequestsIssuedAtCache, 955
overallNumberOfRequestsIssuedAtCache, 128
overallNumberOfRequestsIssuedAtCache, 2417
overallNumberOfRequestsIssuedAtCache, 64
overallNumberOfRequestsIssuedAtCache, 1926
overallNumberOfRequestsIssuedAtCache, 465
overallNumberOfRequestsIssuedAtCache, 58
overallNumberOfRequestsIssuedAtCache, 32
overallNumberOfRequestsIssuedAtCache, 83
overallNumberOfRequestsIssuedAtCache, 319
overallNumberOfRequestsIssuedAtCache, 13
overallNumberOfRequestsIssuedAtCache, 17
overallNumberOfRequestsIssuedAtCache, 5052
overallNumberOfRequestsIssuedAtCache, 11
overallNumberOfRequestsIssuedAtCache, 2887
overallNumberOfRequestsIssuedAtCache, 61
overallNumberOfRequestsIssuedAtCache, 210
overallNumberOfRequestsIssuedAtCache, 8
overallNumberOfRequestsIssuedAtCache, 3
overallNumberOfRequestsIssuedAtCache, 26
overallNumberOfRequestsIssuedAtCache, 37
overallNumberOfRequestsIssuedAtCache, 18
overallNumberOfRequestsIssuedAtCache, 2483
overallNumberOfRequestsIssuedAtCache, 1108
overallNumberOfRequestsIssuedAtCache, 956
overallNumberOfRequestsIssuedAtCache, 126
overallNumberOfRequestsIssuedAtCache, 2420
overallNumberOfRequestsIssuedAtCache, 64
overallNumberOfRequestsIssuedAtCache, 1925
overallNumberOfRequestsIssuedAtCache, 465
overallNumberOfRequestsIssuedAtCache, 58
overallNumberOfRequestsIssuedAtCache, 34
overallNumberOfRequestsIssuedAtCache, 83
overallNumberOfRequestsIssuedAtCache, 328
overallNumberOfRequestsIssuedAtCache, 13
overallNumberOfRequestsIssuedAtCache, 17
overallNumberOfRequestsIssuedAtCache, 5047
overallNumberOfRequestsIssuedAtCache, 11
overallNumberOfRequestsIssuedAtCache, 2891
overallNumberOfRequestsIssuedAtCache, 61
overallNumberOfRequestsIssuedAtCache, 210
overallNumberOfRequestsIssuedAtCache, 8
overallNumberOfRequestsIssuedAtCache, 3
overallNumberOfRequestsIssuedAtCache, 26
overallNumberOfRequestsIssuedAtCache, 37
overallNumberOfRequestsIssuedAtCache, 18
overallNumberOfRequestsIssuedAtCache, 2490
overallNumberOfRequestsIssuedAtCache, 1104
overallNumberOfRequestsIssuedAtCache, 959
overallNumberOfRequestsIssuedAtCache, 129
overallNumberOfRequestsIssuedAtCache, 2415
overallNumberOfRequestsIssuedAtCache, 64
overallNumberOfRequestsIssuedAtCache, 1960
overallNumberOfRequestsIssuedAtCache, 466
overallNumberOfRequestsIssuedAtCache, 58
overallNumberOfRequestsIssuedAtCache, 33
overallNumberOfRequestsIssuedAtCache, 83
overallNumberOfRequestsIssuedAtCache, 319
overallNumberOfRequestsIssuedAtCache, 13
overallNumberOfRequestsIssuedAtCache, 17
overallNumberOfRequestsIssuedAtCache, 5055
overallNumberOfRequestsIssuedAtCache, 11
overallNumberOfRequestsIssuedAtCache, 2884
overallNumberOfRequestsIssuedAtCache, 61
overallNumberOfRequestsIssuedAtCache, 210
overallNumberOfRequestsIssuedAtCache, 8
overallNumberOfRequestsIssuedAtCache, 3
overallNumberOfRequestsIssuedAtCache, 26
overallNumberOfRequestsIssuedAtCache, 37
overallNumberOfRequestsIssuedAtCache, 18
overallNumberOfRequestsIssuedAtCache, 2492
overallNumberOfRequestsIssuedAtCache, 1108
overallNumberOfRequestsIssuedAtCache, 960
overallNumberOfRequestsIssuedAtCache, 129
overallNumberOfRequestsIssuedAtCache, 2427
overallNumberOfRequestsIssuedAtCache, 64
overallNumberOfRequestsIssuedAtCache, 1956
overallNumberOfRequestsIssuedAtCache, 466
overallNumberOfRequestsIssuedAtCache, 58
overallNumberOfRequestsIssuedAtCache, 34
overallNumberOfRequestsIssuedAtCache, 83
overallNumberOfRequestsIssuedAtCache, 327
overallNumberOfRequestsIssuedAtCache, 13
overallNumberOfRequestsIssuedAtCache, 17
overallNumberOfRequestsIssuedAtCache, 5048
overallNumberOfRequestsIssuedAtCache, 11
overallNumberOfRequestsIssuedAtCache, 2885
overallNumberOfRequestsIssuedAtCache, 61
overallNumberOfRequestsIssuedAtCache, 210
overallNumberOfRequestsIssuedAtCache, 8
overallNumberOfRequestsIssuedAtCache, 3
overallNumberOfRequestsIssuedAtCache, 26
overallNumberOfRequestsIssuedAtCache, 35
overallNumberOfRequestsIssuedAtCache, 18
overallNumberOfRequestsIssuedAtCache, 2485
overallNumberOfRequestsIssuedAtCache, 1104
overallNumberOfRequestsIssuedAtCache, 958
overallNumberOfRequestsIssuedAtCache, 129
overallNumberOfRequestsIssuedAtCache, 2418
overallNumberOfRequestsIssuedAtCache, 64
overallNumberOfRequestsIssuedAtCache, 1959
overallNumberOfRequestsIssuedAtCache, 464
overallNumberOfRequestsIssuedAtCache, 58
overallNumberOfRequestsIssuedAtCache, 34
overallNumberOfRequestsIssuedAtCache, 83
overallNumberOfRequestsIssuedAtCache, 321
overallNumberOfRequestsIssuedAtCache, 13
overallNumberOfRequestsIssuedAtCache, 17
overallNumberOfRequestsIssuedAtCache, 5054
overallNumberOfRequestsIssuedAtCache, 11
overallNumberOfRequestsIssuedAtCache, 2886
overallNumberOfRequestsIssuedAtCache, 61
overallNumberOfRequestsIssuedAtCache, 210
