overallNumberOfRequestsIssuedAtCache, 7
overallNumberOfRequestsIssuedAtCache, 3
overallNumberOfRequestsIssuedAtCache, 26
overallNumberOfRequestsIssuedAtCache, 37
overallNumberOfRequestsIssuedAtCache, 17
overallNumberOfRequestsIssuedAtCache, 2460
overallNumberOfRequestsIssuedAtCache, 1103
overallNumberOfRequestsIssuedAtCache, 907
overallNumberOfRequestsIssuedAtCache, 128
overallNumberOfRequestsIssuedAtCache, 2409
overallNumberOfRequestsIssuedAtCache, 64
overallNumberOfRequestsIssuedAtCache, 1281
overallNumberOfRequestsIssuedAtCache, 250
overallNumberOfRequestsIssuedAtCache, 58
overallNumberOfRequestsIssuedAtCache, 34
overallNumberOfRequestsIssuedAtCache, 20
overallNumberOfRequestsIssuedAtCache, 281
overallNumberOfRequestsIssuedAtCache, 13
overallNumberOfRequestsIssuedAtCache, 16
overallNumberOfRequestsIssuedAtCache, 703
overallNumberOfRequestsIssuedAtCache, 10
overallNumberOfRequestsIssuedAtCache, 229
overallNumberOfRequestsIssuedAtCache, 36
overallNumberOfRequestsIssuedAtCache, 210
overallNumberOfRequestsIssuedAtCache, 8
overallNumberOfRequestsIssuedAtCache, 3
overallNumberOfRequestsIssuedAtCache, 26
overallNumberOfRequestsIssuedAtCache, 36
overallNumberOfRequestsIssuedAtCache, 18
overallNumberOfRequestsIssuedAtCache, 2482
overallNumberOfRequestsIssuedAtCache, 1103
overallNumberOfRequestsIssuedAtCache, 906
overallNumberOfRequestsIssuedAtCache, 128
overallNumberOfRequestsIssuedAtCache, 2413
overallNumberOfRequestsIssuedAtCache, 64
overallNumberOfRequestsIssuedAtCache, 1274
overallNumberOfRequestsIssuedAtCache, 250
overallNumberOfRequestsIssuedAtCache, 58
overallNumberOfRequestsIssuedAtCache, 33
overallNumberOfRequestsIssuedAtCache, 20
overallNumberOfRequestsIssuedAtCache, 279
overallNumberOfRequestsIssuedAtCache, 13
overallNumberOfRequestsIssuedAtCache, 16
overallNumberOfRequestsIssuedAtCache, 703
overallNumberOfRequestsIssuedAtCache, 10
overallNumberOfRequestsIssuedAtCache, 229
overallNumberOfRequestsIssuedAtCache, 36
overallNumberOfRequestsIssuedAtCache, 210
overallNumberOfRequestsIssuedAtCache, 7
overallNumberOfRequestsIssuedAtCache, 3
overallNumberOfRequestsIssuedAtCache, 26
overallNumberOfRequestsIssuedAtCache, 37
overallNumberOfRequestsIssuedAtCache, 18
overallNumberOfRequestsIssuedAtCache, 2485
overallNumberOfRequestsIssuedAtCache, 1099
overallNumberOfRequestsIssuedAtCache, 917
overallNumberOfRequestsIssuedAtCache, 129
overallNumberOfRequestsIssuedAtCache, 2416
overallNumberOfRequestsIssuedAtCache, 64
overallNumberOfRequestsIssuedAtCache, 1278
overallNumberOfRequestsIssuedAtCache, 249
overallNumberOfRequestsIssuedAtCache, 58
overallNumberOfRequestsIssuedAtCache, 34
overallNumberOfRequestsIssuedAtCache, 20
overallNumberOfRequestsIssuedAtCache, 282
overallNumberOfRequestsIssuedAtCache, 13
overallNumberOfRequestsIssuedAtCache, 17
overallNumberOfRequestsIssuedAtCache, 703
overallNumberOfRequestsIssuedAtCache, 10
overallNumberOfRequestsIssuedAtCache, 229
overallNumberOfRequestsIssuedAtCache, 36
overallNumberOfRequestsIssuedAtCache, 210
overallNumberOfRequestsIssuedAtCache, 8
overallNumberOfRequestsIssuedAtCache, 3
overallNumberOfRequestsIssuedAtCache, 26
overallNumberOfRequestsIssuedAtCache, 35
overallNumberOfRequestsIssuedAtCache, 18
overallNumberOfRequestsIssuedAtCache, 2489
overallNumberOfRequestsIssuedAtCache, 1105
overallNumberOfRequestsIssuedAtCache, 909
overallNumberOfRequestsIssuedAtCache, 128
overallNumberOfRequestsIssuedAtCache, 2426
overallNumberOfRequestsIssuedAtCache, 64
overallNumberOfRequestsIssuedAtCache, 1265
overallNumberOfRequestsIssuedAtCache, 247
overallNumberOfRequestsIssuedAtCache, 58
overallNumberOfRequestsIssuedAtCache, 33
overallNumberOfRequestsIssuedAtCache, 20
overallNumberOfRequestsIssuedAtCache, 280
overallNumberOfRequestsIssuedAtCache, 13
overallNumberOfRequestsIssuedAtCache, 17
overallNumberOfRequestsIssuedAtCache, 703
overallNumberOfRequestsIssuedAtCache, 10
overallNumberOfRequestsIssuedAtCache, 229
overallNumberOfRequestsIssuedAtCache, 36
overallNumberOfRequestsIssuedAtCache, 210
overallNumberOfRequestsIssuedAtCache, 8
overallNumberOfRequestsIssuedAtCache, 3
overallNumberOfRequestsIssuedAtCache, 26
overallNumberOfRequestsIssuedAtCache, 37
overallNumberOfRequestsIssuedAtCache, 18
overallNumberOfRequestsIssuedAtCache, 2486
overallNumberOfRequestsIssuedAtCache, 1105
overallNumberOfRequestsIssuedAtCache, 912
overallNumberOfRequestsIssuedAtCache, 129
overallNumberOfRequestsIssuedAtCache, 2417
overallNumberOfRequestsIssuedAtCache, 64
overallNumberOfRequestsIssuedAtCache, 1279
overallNumberOfRequestsIssuedAtCache, 250
overallNumberOfRequestsIssuedAtCache, 58
overallNumberOfRequestsIssuedAtCache, 34
overallNumberOfRequestsIssuedAtCache, 20
overallNumberOfRequestsIssuedAtCache, 280
overallNumberOfRequestsIssuedAtCache, 13
overallNumberOfRequestsIssuedAtCache, 17
overallNumberOfRequestsIssuedAtCache, 703
overallNumberOfRequestsIssuedAtCache, 10
overallNumberOfRequestsIssuedAtCache, 229
overallNumberOfRequestsIssuedAtCache, 36
overallNumberOfRequestsIssuedAtCache, 210
overallNumberOfRequestsIssuedAtCache, 8
overallNumberOfRequestsIssuedAtCache, 3
overallNumberOfRequestsIssuedAtCache, 26
overallNumberOfRequestsIssuedAtCache, 37
overallNumberOfRequestsIssuedAtCache, 18
overallNumberOfRequestsIssuedAtCache, 2483
overallNumberOfRequestsIssuedAtCache, 1101
overallNumberOfRequestsIssuedAtCache, 917
overallNumberOfRequestsIssuedAtCache, 129
overallNumberOfRequestsIssuedAtCache, 2427
overallNumberOfRequestsIssuedAtCache, 64
overallNumberOfRequestsIssuedAtCache, 1270
overallNumberOfRequestsIssuedAtCache, 250
overallNumberOfRequestsIssuedAtCache, 58
overallNumberOfRequestsIssuedAtCache, 34
overallNumberOfRequestsIssuedAtCache, 20
overallNumberOfRequestsIssuedAtCache, 279
overallNumberOfRequestsIssuedAtCache, 13
overallNumberOfRequestsIssuedAtCache, 17
overallNumberOfRequestsIssuedAtCache, 703
overallNumberOfRequestsIssuedAtCache, 10
overallNumberOfRequestsIssuedAtCache, 229
overallNumberOfRequestsIssuedAtCache, 36
overallNumberOfRequestsIssuedAtCache, 210
